# WHO-aligned device functional taxonomy; EMDN/GMDN identifiers are intentionally represented as external nomenclature fields rather than invented codes
N,device.patient_monitoring,device_group,cat.devices,patient monitoring,Functional medical-device group: patient_monitoring,{"nomenclatureSystems":["EMDN","GMDN"],"externalCodeRequired":true},GLOBAL,2026.10
N,device.patient_monitoring.blood_pressure_monitor,device_type,device.patient_monitoring,blood pressure monitor,Generic device type within patient_monitoring,{"nomenclatureSystems":["EMDN","GMDN"],"externalCodeRequired":true},GLOBAL,2026.10
N,device.patient_monitoring.pulse_oximeter,device_type,device.patient_monitoring,pulse oximeter,Generic device type within patient_monitoring,{"nomenclatureSystems":["EMDN","GMDN"],"externalCodeRequired":true},GLOBAL,2026.10
N,device.patient_monitoring.clinical_thermometer,device_type,device.patient_monitoring,clinical thermometer,Generic device type within patient_monitoring,{"nomenclatureSystems":["EMDN","GMDN"],"externalCodeRequired":true},GLOBAL,2026.10
N,device.patient_monitoring.multiparameter_monitor,device_type,device.patient_monitoring,multiparameter monitor,Generic device type within patient_monitoring,{"nomenclatureSystems":["EMDN","GMDN"],"externalCodeRequired":true},GLOBAL,2026.10
N,device.patient_monitoring.ecg_machine,device_type,device.patient_monitoring,ecg machine,Generic device type within patient_monitoring,{"nomenclatureSystems":["EMDN","GMDN"],"externalCodeRequired":true},GLOBAL,2026.10
N,device.patient_monitoring.holter_monitor,device_type,device.patient_monitoring,holter monitor,Generic device type within patient_monitoring,{"nomenclatureSystems":["EMDN","GMDN"],"externalCodeRequired":true},GLOBAL,2026.10
N,device.patient_monitoring.capnograph,device_type,device.patient_monitoring,capnograph,Generic device type within patient_monitoring,{"nomenclatureSystems":["EMDN","GMDN"],"externalCodeRequired":true},GLOBAL,2026.10
N,device.respiratory_support,device_group,cat.devices,respiratory support,Functional medical-device group: respiratory_support,{"nomenclatureSystems":["EMDN","GMDN"],"externalCodeRequired":true},GLOBAL,2026.10
N,device.respiratory_support.oxygen_concentrator,device_type,device.respiratory_support,oxygen concentrator,Generic device type within respiratory_support,{"nomenclatureSystems":["EMDN","GMDN"],"externalCodeRequired":true},GLOBAL,2026.10
N,device.respiratory_support.oxygen_cylinder,device_type,device.respiratory_support,oxygen cylinder,Generic device type within respiratory_support,{"nomenclatureSystems":["EMDN","GMDN"],"externalCodeRequired":true},GLOBAL,2026.10
N,device.respiratory_support.oxygen_regulator,device_type,device.respiratory_support,oxygen regulator,Generic device type within respiratory_support,{"nomenclatureSystems":["EMDN","GMDN"],"externalCodeRequired":true},GLOBAL,2026.10
N,device.respiratory_support.nebulizer,device_type,device.respiratory_support,nebulizer,Generic device type within respiratory_support,{"nomenclatureSystems":["EMDN","GMDN"],"externalCodeRequired":true},GLOBAL,2026.10
N,device.respiratory_support.ventilator,device_type,device.respiratory_support,ventilator,Generic device type within respiratory_support,{"nomenclatureSystems":["EMDN","GMDN"],"externalCodeRequired":true},GLOBAL,2026.10
N,device.respiratory_support.cpap,device_type,device.respiratory_support,cpap,Generic device type within respiratory_support,{"nomenclatureSystems":["EMDN","GMDN"],"externalCodeRequired":true},GLOBAL,2026.10
N,device.respiratory_support.bipap,device_type,device.respiratory_support,bipap,Generic device type within respiratory_support,{"nomenclatureSystems":["EMDN","GMDN"],"externalCodeRequired":true},GLOBAL,2026.10
N,device.respiratory_support.ambu_bag,device_type,device.respiratory_support,ambu bag,Generic device type within respiratory_support,{"nomenclatureSystems":["EMDN","GMDN"],"externalCodeRequired":true},GLOBAL,2026.10
N,device.respiratory_support.airway_trolley,device_type,device.respiratory_support,airway trolley,Generic device type within respiratory_support,{"nomenclatureSystems":["EMDN","GMDN"],"externalCodeRequired":true},GLOBAL,2026.10
N,device.respiratory_support.suction_machine,device_type,device.respiratory_support,suction machine,Generic device type within respiratory_support,{"nomenclatureSystems":["EMDN","GMDN"],"externalCodeRequired":true},GLOBAL,2026.10
N,device.infusion,device_group,cat.devices,infusion,Functional medical-device group: infusion,{"nomenclatureSystems":["EMDN","GMDN"],"externalCodeRequired":true},GLOBAL,2026.10
N,device.infusion.infusion_pump,device_type,device.infusion,infusion pump,Generic device type within infusion,{"nomenclatureSystems":["EMDN","GMDN"],"externalCodeRequired":true},GLOBAL,2026.10
N,device.infusion.syringe_pump,device_type,device.infusion,syringe pump,Generic device type within infusion,{"nomenclatureSystems":["EMDN","GMDN"],"externalCodeRequired":true},GLOBAL,2026.10
N,device.infusion.volumetric_pump,device_type,device.infusion,volumetric pump,Generic device type within infusion,{"nomenclatureSystems":["EMDN","GMDN"],"externalCodeRequired":true},GLOBAL,2026.10
N,device.infusion.enteral_pump,device_type,device.infusion,enteral pump,Generic device type within infusion,{"nomenclatureSystems":["EMDN","GMDN"],"externalCodeRequired":true},GLOBAL,2026.10
N,device.infusion.infusion_set_pump_accessories,device_type,device.infusion,infusion set pump accessories,Generic device type within infusion,{"nomenclatureSystems":["EMDN","GMDN"],"externalCodeRequired":true},GLOBAL,2026.10
N,device.vascular_access,device_group,cat.devices,vascular access,Functional medical-device group: vascular_access,{"nomenclatureSystems":["EMDN","GMDN"],"externalCodeRequired":true},GLOBAL,2026.10
N,device.vascular_access.peripheral_iv_catheter,device_type,device.vascular_access,peripheral iv catheter,Generic device type within vascular_access,{"nomenclatureSystems":["EMDN","GMDN"],"externalCodeRequired":true},GLOBAL,2026.10
N,device.vascular_access.midline_catheter,device_type,device.vascular_access,midline catheter,Generic device type within vascular_access,{"nomenclatureSystems":["EMDN","GMDN"],"externalCodeRequired":true},GLOBAL,2026.10
N,device.vascular_access.central_venous_catheter,device_type,device.vascular_access,central venous catheter,Generic device type within vascular_access,{"nomenclatureSystems":["EMDN","GMDN"],"externalCodeRequired":true},GLOBAL,2026.10
N,device.vascular_access.dialysis_catheter,device_type,device.vascular_access,dialysis catheter,Generic device type within vascular_access,{"nomenclatureSystems":["EMDN","GMDN"],"externalCodeRequired":true},GLOBAL,2026.10
N,device.vascular_access.intraosseous_device,device_type,device.vascular_access,intraosseous device,Generic device type within vascular_access,{"nomenclatureSystems":["EMDN","GMDN"],"externalCodeRequired":true},GLOBAL,2026.10
N,device.diagnostic_imaging,device_group,cat.devices,diagnostic imaging,Functional medical-device group: diagnostic_imaging,{"nomenclatureSystems":["EMDN","GMDN"],"externalCodeRequired":true},GLOBAL,2026.10
N,device.diagnostic_imaging.xray_system,device_type,device.diagnostic_imaging,xray system,Generic device type within diagnostic_imaging,{"nomenclatureSystems":["EMDN","GMDN"],"externalCodeRequired":true},GLOBAL,2026.10
N,device.diagnostic_imaging.ultrasound_system,device_type,device.diagnostic_imaging,ultrasound system,Generic device type within diagnostic_imaging,{"nomenclatureSystems":["EMDN","GMDN"],"externalCodeRequired":true},GLOBAL,2026.10
N,device.diagnostic_imaging.ct_scanner,device_type,device.diagnostic_imaging,ct scanner,Generic device type within diagnostic_imaging,{"nomenclatureSystems":["EMDN","GMDN"],"externalCodeRequired":true},GLOBAL,2026.10
N,device.diagnostic_imaging.mri_system,device_type,device.diagnostic_imaging,mri system,Generic device type within diagnostic_imaging,{"nomenclatureSystems":["EMDN","GMDN"],"externalCodeRequired":true},GLOBAL,2026.10
N,device.diagnostic_imaging.mammography_system,device_type,device.diagnostic_imaging,mammography system,Generic device type within diagnostic_imaging,{"nomenclatureSystems":["EMDN","GMDN"],"externalCodeRequired":true},GLOBAL,2026.10
N,device.diagnostic_imaging.fluoroscopy_system,device_type,device.diagnostic_imaging,fluoroscopy system,Generic device type within diagnostic_imaging,{"nomenclatureSystems":["EMDN","GMDN"],"externalCodeRequired":true},GLOBAL,2026.10
N,device.surgery,device_group,cat.devices,surgery,Functional medical-device group: surgery,{"nomenclatureSystems":["EMDN","GMDN"],"externalCodeRequired":true},GLOBAL,2026.10
N,device.surgery.electrosurgical_unit,device_type,device.surgery,electrosurgical unit,Generic device type within surgery,{"nomenclatureSystems":["EMDN","GMDN"],"externalCodeRequired":true},GLOBAL,2026.10
N,device.surgery.surgical_light,device_type,device.surgery,surgical light,Generic device type within surgery,{"nomenclatureSystems":["EMDN","GMDN"],"externalCodeRequired":true},GLOBAL,2026.10
N,device.surgery.operating_table,device_type,device.surgery,operating table,Generic device type within surgery,{"nomenclatureSystems":["EMDN","GMDN"],"externalCodeRequired":true},GLOBAL,2026.10
N,device.surgery.surgical_aspirator,device_type,device.surgery,surgical aspirator,Generic device type within surgery,{"nomenclatureSystems":["EMDN","GMDN"],"externalCodeRequired":true},GLOBAL,2026.10
N,device.surgery.laparoscope,device_type,device.surgery,laparoscope,Generic device type within surgery,{"nomenclatureSystems":["EMDN","GMDN"],"externalCodeRequired":true},GLOBAL,2026.10
N,device.surgery.endoscope,device_type,device.surgery,endoscope,Generic device type within surgery,{"nomenclatureSystems":["EMDN","GMDN"],"externalCodeRequired":true},GLOBAL,2026.10
N,device.surgery.diathermy_unit,device_type,device.surgery,diathermy unit,Generic device type within surgery,{"nomenclatureSystems":["EMDN","GMDN"],"externalCodeRequired":true},GLOBAL,2026.10
N,device.anaesthesia,device_group,cat.devices,anaesthesia,Functional medical-device group: anaesthesia,{"nomenclatureSystems":["EMDN","GMDN"],"externalCodeRequired":true},GLOBAL,2026.10
N,device.anaesthesia.anaesthesia_machine,device_type,device.anaesthesia,anaesthesia machine,Generic device type within anaesthesia,{"nomenclatureSystems":["EMDN","GMDN"],"externalCodeRequired":true},GLOBAL,2026.10
N,device.anaesthesia.anaesthesia_monitor,device_type,device.anaesthesia,anaesthesia monitor,Generic device type within anaesthesia,{"nomenclatureSystems":["EMDN","GMDN"],"externalCodeRequired":true},GLOBAL,2026.10
N,device.anaesthesia.vapourizer,device_type,device.anaesthesia,vapourizer,Generic device type within anaesthesia,{"nomenclatureSystems":["EMDN","GMDN"],"externalCodeRequired":true},GLOBAL,2026.10
N,device.anaesthesia.airway_device,device_type,device.anaesthesia,airway device,Generic device type within anaesthesia,{"nomenclatureSystems":["EMDN","GMDN"],"externalCodeRequired":true},GLOBAL,2026.10
N,device.anaesthesia.laryngoscope,device_type,device.anaesthesia,laryngoscope,Generic device type within anaesthesia,{"nomenclatureSystems":["EMDN","GMDN"],"externalCodeRequired":true},GLOBAL,2026.10
N,device.anaesthesia.video_laryngoscope,device_type,device.anaesthesia,video laryngoscope,Generic device type within anaesthesia,{"nomenclatureSystems":["EMDN","GMDN"],"externalCodeRequired":true},GLOBAL,2026.10
N,device.neonatal,device_group,cat.devices,neonatal,Functional medical-device group: neonatal,{"nomenclatureSystems":["EMDN","GMDN"],"externalCodeRequired":true},GLOBAL,2026.10
N,device.neonatal.incubator,device_type,device.neonatal,incubator,Generic device type within neonatal,{"nomenclatureSystems":["EMDN","GMDN"],"externalCodeRequired":true},GLOBAL,2026.10
N,device.neonatal.radiant_warmer,device_type,device.neonatal,radiant warmer,Generic device type within neonatal,{"nomenclatureSystems":["EMDN","GMDN"],"externalCodeRequired":true},GLOBAL,2026.10
N,device.neonatal.phototherapy_unit,device_type,device.neonatal,phototherapy unit,Generic device type within neonatal,{"nomenclatureSystems":["EMDN","GMDN"],"externalCodeRequired":true},GLOBAL,2026.10
N,device.neonatal.neonatal_resuscitator,device_type,device.neonatal,neonatal resuscitator,Generic device type within neonatal,{"nomenclatureSystems":["EMDN","GMDN"],"externalCodeRequired":true},GLOBAL,2026.10
N,device.neonatal.infant_scale,device_type,device.neonatal,infant scale,Generic device type within neonatal,{"nomenclatureSystems":["EMDN","GMDN"],"externalCodeRequired":true},GLOBAL,2026.10
N,device.maternal,device_group,cat.devices,maternal,Functional medical-device group: maternal,{"nomenclatureSystems":["EMDN","GMDN"],"externalCodeRequired":true},GLOBAL,2026.10
N,device.maternal.fetal_doppler,device_type,device.maternal,fetal doppler,Generic device type within maternal,{"nomenclatureSystems":["EMDN","GMDN"],"externalCodeRequired":true},GLOBAL,2026.10
N,device.maternal.cardiotocograph,device_type,device.maternal,cardiotocograph,Generic device type within maternal,{"nomenclatureSystems":["EMDN","GMDN"],"externalCodeRequired":true},GLOBAL,2026.10
N,device.maternal.delivery_bed,device_type,device.maternal,delivery bed,Generic device type within maternal,{"nomenclatureSystems":["EMDN","GMDN"],"externalCodeRequired":true},GLOBAL,2026.10
N,device.maternal.vacuum_extractor,device_type,device.maternal,vacuum extractor,Generic device type within maternal,{"nomenclatureSystems":["EMDN","GMDN"],"externalCodeRequired":true},GLOBAL,2026.10
N,device.maternal.manual_vacuum_aspirator,device_type,device.maternal,manual vacuum aspirator,Generic device type within maternal,{"nomenclatureSystems":["EMDN","GMDN"],"externalCodeRequired":true},GLOBAL,2026.10
N,device.laboratory,device_group,cat.devices,laboratory,Functional medical-device group: laboratory,{"nomenclatureSystems":["EMDN","GMDN"],"externalCodeRequired":true},GLOBAL,2026.10
N,device.laboratory.centrifuge,device_type,device.laboratory,centrifuge,Generic device type within laboratory,{"nomenclatureSystems":["EMDN","GMDN"],"externalCodeRequired":true},GLOBAL,2026.10
N,device.laboratory.microscope,device_type,device.laboratory,microscope,Generic device type within laboratory,{"nomenclatureSystems":["EMDN","GMDN"],"externalCodeRequired":true},GLOBAL,2026.10
N,device.laboratory.hematology_analyzer,device_type,device.laboratory,hematology analyzer,Generic device type within laboratory,{"nomenclatureSystems":["EMDN","GMDN"],"externalCodeRequired":true},GLOBAL,2026.10
N,device.laboratory.chemistry_analyzer,device_type,device.laboratory,chemistry analyzer,Generic device type within laboratory,{"nomenclatureSystems":["EMDN","GMDN"],"externalCodeRequired":true},GLOBAL,2026.10
N,device.laboratory.coagulation_analyzer,device_type,device.laboratory,coagulation analyzer,Generic device type within laboratory,{"nomenclatureSystems":["EMDN","GMDN"],"externalCodeRequired":true},GLOBAL,2026.10
N,device.laboratory.blood_gas_analyzer,device_type,device.laboratory,blood gas analyzer,Generic device type within laboratory,{"nomenclatureSystems":["EMDN","GMDN"],"externalCodeRequired":true},GLOBAL,2026.10
N,device.laboratory.electrolyte_analyzer,device_type,device.laboratory,electrolyte analyzer,Generic device type within laboratory,{"nomenclatureSystems":["EMDN","GMDN"],"externalCodeRequired":true},GLOBAL,2026.10
N,device.laboratory.incubator_lab,device_type,device.laboratory,incubator lab,Generic device type within laboratory,{"nomenclatureSystems":["EMDN","GMDN"],"externalCodeRequired":true},GLOBAL,2026.10
N,device.laboratory.autoclave_lab,device_type,device.laboratory,autoclave lab,Generic device type within laboratory,{"nomenclatureSystems":["EMDN","GMDN"],"externalCodeRequired":true},GLOBAL,2026.10
N,device.laboratory.refrigerator_lab,device_type,device.laboratory,refrigerator lab,Generic device type within laboratory,{"nomenclatureSystems":["EMDN","GMDN"],"externalCodeRequired":true},GLOBAL,2026.10
N,device.sterilization,device_group,cat.devices,sterilization,Functional medical-device group: sterilization,{"nomenclatureSystems":["EMDN","GMDN"],"externalCodeRequired":true},GLOBAL,2026.10
N,device.sterilization.steam_autoclave,device_type,device.sterilization,steam autoclave,Generic device type within sterilization,{"nomenclatureSystems":["EMDN","GMDN"],"externalCodeRequired":true},GLOBAL,2026.10
N,device.sterilization.dry_heat_sterilizer,device_type,device.sterilization,dry heat sterilizer,Generic device type within sterilization,{"nomenclatureSystems":["EMDN","GMDN"],"externalCodeRequired":true},GLOBAL,2026.10
N,device.sterilization.ultrasonic_cleaner,device_type,device.sterilization,ultrasonic cleaner,Generic device type within sterilization,{"nomenclatureSystems":["EMDN","GMDN"],"externalCodeRequired":true},GLOBAL,2026.10
N,device.sterilization.washer_disinfector,device_type,device.sterilization,washer disinfector,Generic device type within sterilization,{"nomenclatureSystems":["EMDN","GMDN"],"externalCodeRequired":true},GLOBAL,2026.10
N,device.sterilization.sterilization_indicator,device_type,device.sterilization,sterilization indicator,Generic device type within sterilization,{"nomenclatureSystems":["EMDN","GMDN"],"externalCodeRequired":true},GLOBAL,2026.10
N,device.rehabilitation,device_group,cat.devices,rehabilitation,Functional medical-device group: rehabilitation,{"nomenclatureSystems":["EMDN","GMDN"],"externalCodeRequired":true},GLOBAL,2026.10
N,device.rehabilitation.wheelchair,device_type,device.rehabilitation,wheelchair,Generic device type within rehabilitation,{"nomenclatureSystems":["EMDN","GMDN"],"externalCodeRequired":true},GLOBAL,2026.10
N,device.rehabilitation.walking_frame,device_type,device.rehabilitation,walking frame,Generic device type within rehabilitation,{"nomenclatureSystems":["EMDN","GMDN"],"externalCodeRequired":true},GLOBAL,2026.10
N,device.rehabilitation.crutches,device_type,device.rehabilitation,crutches,Generic device type within rehabilitation,{"nomenclatureSystems":["EMDN","GMDN"],"externalCodeRequired":true},GLOBAL,2026.10
N,device.rehabilitation.cane,device_type,device.rehabilitation,cane,Generic device type within rehabilitation,{"nomenclatureSystems":["EMDN","GMDN"],"externalCodeRequired":true},GLOBAL,2026.10
N,device.rehabilitation.prosthesis,device_type,device.rehabilitation,prosthesis,Generic device type within rehabilitation,{"nomenclatureSystems":["EMDN","GMDN"],"externalCodeRequired":true},GLOBAL,2026.10
N,device.rehabilitation.orthosis,device_type,device.rehabilitation,orthosis,Generic device type within rehabilitation,{"nomenclatureSystems":["EMDN","GMDN"],"externalCodeRequired":true},GLOBAL,2026.10
N,device.rehabilitation.physiotherapy_device,device_type,device.rehabilitation,physiotherapy device,Generic device type within rehabilitation,{"nomenclatureSystems":["EMDN","GMDN"],"externalCodeRequired":true},GLOBAL,2026.10
N,device.dental,device_group,cat.devices,dental,Functional medical-device group: dental,{"nomenclatureSystems":["EMDN","GMDN"],"externalCodeRequired":true},GLOBAL,2026.10
N,device.dental.dental_unit,device_type,device.dental,dental unit,Generic device type within dental,{"nomenclatureSystems":["EMDN","GMDN"],"externalCodeRequired":true},GLOBAL,2026.10
N,device.dental.dental_chair,device_type,device.dental,dental chair,Generic device type within dental,{"nomenclatureSystems":["EMDN","GMDN"],"externalCodeRequired":true},GLOBAL,2026.10
N,device.dental.dental_handpiece,device_type,device.dental,dental handpiece,Generic device type within dental,{"nomenclatureSystems":["EMDN","GMDN"],"externalCodeRequired":true},GLOBAL,2026.10
N,device.dental.dental_xray,device_type,device.dental,dental xray,Generic device type within dental,{"nomenclatureSystems":["EMDN","GMDN"],"externalCodeRequired":true},GLOBAL,2026.10
N,device.dental.dental_scaler,device_type,device.dental,dental scaler,Generic device type within dental,{"nomenclatureSystems":["EMDN","GMDN"],"externalCodeRequired":true},GLOBAL,2026.10
N,device.dental.dental_currette,device_type,device.dental,dental currette,Generic device type within dental,{"nomenclatureSystems":["EMDN","GMDN"],"externalCodeRequired":true},GLOBAL,2026.10
N,device.ophthalmic,device_group,cat.devices,ophthalmic,Functional medical-device group: ophthalmic,{"nomenclatureSystems":["EMDN","GMDN"],"externalCodeRequired":true},GLOBAL,2026.10
N,device.ophthalmic.slit_lamp,device_type,device.ophthalmic,slit lamp,Generic device type within ophthalmic,{"nomenclatureSystems":["EMDN","GMDN"],"externalCodeRequired":true},GLOBAL,2026.10
N,device.ophthalmic.tonometer,device_type,device.ophthalmic,tonometer,Generic device type within ophthalmic,{"nomenclatureSystems":["EMDN","GMDN"],"externalCodeRequired":true},GLOBAL,2026.10
N,device.ophthalmic.ophthalmoscope,device_type,device.ophthalmic,ophthalmoscope,Generic device type within ophthalmic,{"nomenclatureSystems":["EMDN","GMDN"],"externalCodeRequired":true},GLOBAL,2026.10
N,device.ophthalmic.retinoscope,device_type,device.ophthalmic,retinoscope,Generic device type within ophthalmic,{"nomenclatureSystems":["EMDN","GMDN"],"externalCodeRequired":true},GLOBAL,2026.10
N,device.ophthalmic.autorefractor,device_type,device.ophthalmic,autorefractor,Generic device type within ophthalmic,{"nomenclatureSystems":["EMDN","GMDN"],"externalCodeRequired":true},GLOBAL,2026.10
N,device.ent,device_group,cat.devices,ent,Functional medical-device group: ent,{"nomenclatureSystems":["EMDN","GMDN"],"externalCodeRequired":true},GLOBAL,2026.10
N,device.ent.otoscope,device_type,device.ent,otoscope,Generic device type within ent,{"nomenclatureSystems":["EMDN","GMDN"],"externalCodeRequired":true},GLOBAL,2026.10
N,device.ent.audiometer,device_type,device.ent,audiometer,Generic device type within ent,{"nomenclatureSystems":["EMDN","GMDN"],"externalCodeRequired":true},GLOBAL,2026.10
N,device.ent.tympanometer,device_type,device.ent,tympanometer,Generic device type within ent,{"nomenclatureSystems":["EMDN","GMDN"],"externalCodeRequired":true},GLOBAL,2026.10
N,device.ent.nasal_endoscope,device_type,device.ent,nasal endoscope,Generic device type within ent,{"nomenclatureSystems":["EMDN","GMDN"],"externalCodeRequired":true},GLOBAL,2026.10
N,device.renal,device_group,cat.devices,renal,Functional medical-device group: renal,{"nomenclatureSystems":["EMDN","GMDN"],"externalCodeRequired":true},GLOBAL,2026.10
N,device.renal.hemodialysis_machine,device_type,device.renal,hemodialysis machine,Generic device type within renal,{"nomenclatureSystems":["EMDN","GMDN"],"externalCodeRequired":true},GLOBAL,2026.10
N,device.renal.dialysis_water_system,device_type,device.renal,dialysis water system,Generic device type within renal,{"nomenclatureSystems":["EMDN","GMDN"],"externalCodeRequired":true},GLOBAL,2026.10
N,device.renal.dialyzer,device_type,device.renal,dialyzer,Generic device type within renal,{"nomenclatureSystems":["EMDN","GMDN"],"externalCodeRequired":true},GLOBAL,2026.10
N,device.renal.peritoneal_dialysis_system,device_type,device.renal,peritoneal dialysis system,Generic device type within renal,{"nomenclatureSystems":["EMDN","GMDN"],"externalCodeRequired":true},GLOBAL,2026.10
N,device.oxygen,device_group,cat.devices,oxygen,Functional medical-device group: oxygen,{"nomenclatureSystems":["EMDN","GMDN"],"externalCodeRequired":true},GLOBAL,2026.10
N,device.oxygen.oxygen_generator,device_type,device.oxygen,oxygen generator,Generic device type within oxygen,{"nomenclatureSystems":["EMDN","GMDN"],"externalCodeRequired":true},GLOBAL,2026.10
N,device.oxygen.oxygen_flowmeter,device_type,device.oxygen,oxygen flowmeter,Generic device type within oxygen,{"nomenclatureSystems":["EMDN","GMDN"],"externalCodeRequired":true},GLOBAL,2026.10
N,device.oxygen.oxygen_cylinder,device_type,device.oxygen,oxygen cylinder,Generic device type within oxygen,{"nomenclatureSystems":["EMDN","GMDN"],"externalCodeRequired":true},GLOBAL,2026.10
N,device.oxygen.oxygen_concentrator,device_type,device.oxygen,oxygen concentrator,Generic device type within oxygen,{"nomenclatureSystems":["EMDN","GMDN"],"externalCodeRequired":true},GLOBAL,2026.10
N,device.oxygen.pulse_oximeter,device_type,device.oxygen,pulse oximeter,Generic device type within oxygen,{"nomenclatureSystems":["EMDN","GMDN"],"externalCodeRequired":true},GLOBAL,2026.10
N,device.assistive,device_group,cat.devices,assistive,Functional medical-device group: assistive,{"nomenclatureSystems":["EMDN","GMDN"],"externalCodeRequired":true},GLOBAL,2026.10
N,device.assistive.hearing_aid,device_type,device.assistive,hearing aid,Generic device type within assistive,{"nomenclatureSystems":["EMDN","GMDN"],"externalCodeRequired":true},GLOBAL,2026.10
N,device.assistive.communication_aid,device_type,device.assistive,communication aid,Generic device type within assistive,{"nomenclatureSystems":["EMDN","GMDN"],"externalCodeRequired":true},GLOBAL,2026.10
N,device.assistive.pressure_relief_mattress,device_type,device.assistive,pressure relief mattress,Generic device type within assistive,{"nomenclatureSystems":["EMDN","GMDN"],"externalCodeRequired":true},GLOBAL,2026.10
N,device.assistive.transfer_aid,device_type,device.assistive,transfer aid,Generic device type within assistive,{"nomenclatureSystems":["EMDN","GMDN"],"externalCodeRequired":true},GLOBAL,2026.10
